,Region,Shrubs,Herbaceous vegetation,Cultivated and managed vegetation/agriculture (cropland),Urban / built up,Bare / sparse vegetation,Permanent water bodies,Herbaceous wetland,"Closed forest, evergreen, broad leaf","Closed forest, deciduous broad leaf","Closed forest, unknown","Open forest, evergreen broad leaf","Open forest, deciduous broad leaf","Open forest, unknown definitions",Open sea
0,NSW,6.2,43.6,13.0,0.3,0.2,0.2,0.1,14.7,6.8,0.3,0.5,3.7,10.3,0.1
1,NT,18.1,48.9,0.1,0.0,0.4,0.1,0.1,1.0,7.7,0.1,0.1,13.6,9.3,0.5
2,QL,9.5,45.3,1.6,0.1,1.1,0.1,0.0,5.3,13.3,0.3,0.1,12.0,11.0,0.3
3,SA,24.1,54.8,5.8,0.1,4.8,1.2,0.1,0.3,1.3,0.1,0.1,1.4,5.3,0.6
4,TA,0.7,23.8,1.2,0.2,0.1,1.9,1.4,50.1,0.6,1.1,7.2,1.5,7.2,3.0
5,WA,31.3,43.5,5.6,0.0,1.0,0.4,0.0,1.2,2.4,0.2,0.1,4.8,8.7,0.8
6,VI,1.4,35.0,23.3,1.0,0.1,0.6,0.3,23.9,3.8,0.3,1.5,2.7,5.2,0.9
